Beard,Accessories,Hair,Headgear,Eye_Glasses,Mouth,Others
 'Luxurious Beard', 'Pilot Helmet', 'Wild Hair', 'Police Cap',Green Eye Shadow', 'Black Lipstick', 'Spots'
 'Normal Beard', 'Cigarette', 'Wild White Hair', 'Bandana', 'Nerd Glasses', 'Purple Lipstick', 'Frown'
 'Front Beard', 'Hoodie', 'Messy Hair', 'Fedora', 'Big Shades', 'Hot Lipstick', 'Muttonchops'
 'Big Beard', 'Silver Chain', 'Straight Hair Dark', 'Headband', 'Purple Eye Shadow', 'Buck Teeth', 'Mole'
 'Half Shaved', 'Medical Mask'], 'Blonde Short', 'Cowboy Hat', 'Clown Eyes Blue', 'Smile', 'Rosy Cheeks'
 'Handlebars', 'Choker', 'Straight Hair Blonde', 'Pink With Hat', 'Blue Eye Shadow',, 'Orange Side'
 'Normal Beard Black', 'Clown Nose', 'Stringy Hair', 'Tiara', 'Clown Eyes Green',,
 'Shadow Beard', 'Earring', 'Crazy Hair', 'Knitted Cap', 'Regular Shades',,
 'Mustache', 'Pipe', 'Dark Hair', 'Cap', 'Small Shades',,
 'Chinstrap', 'Goat', 'Frumpy Hair', 'Do-rag', 'Eye Mask',,
 'Front Beard Dark', 'VR', 'Straight Hair', 'Cap Forward', 'Eye Patch',,
, 'Vape', 'Purple Hair', 'Beanie', '3D Glasses',,
, 'Gold Chain', 'Clown Hair Green',, 'Welding Goggles',,
,, 'Top Hat',, 'Horned Rim Glasses',,
,, 'Tassle Hat',, 'Classic Shades',,
,,,,,,
,,,,,,
,,,,,,
,,,,,,
,,,,,,
,,,,,,
,,,,,,
,,,,,,
,,,,,,
,,,,,,
,,,,,,
,,,,,,
,,,,,,
,,,,,,
,,,,,,
,,,,,,
,,,,,,
,,,,,,
,,,,,,
,,,,,,
,,,,,,
,, 'Shaved Head',,,,
,, 'Blonde Bob',,,,
,, 'Vampire Hair',,,,
,, 'Wild Blonde',,,,
,, 'Mohawk',,,,
,, 'Mohawk Dark',,,,
,, 'Peak Spike',,,,
,, 'Red Mohawk',,,,
,, 'Mohawk Thin',,,,
,, 'Pigtails',,,,
